﻿<?xml version="1.0" encoding="utf-8"?><Device Name="Database"><Policies><Policy ID="MSSql131" AutoChangeOnAdd="No" AutoVerifyOnAdd="No" PlatformBaseID="MSSql" PlatformBaseType="MSSql" PlatformBaseProtocol="ODBC">
          <Properties>
            <Required>
              <Property Name="Username" />
            </Required>
            <Optional>
              <Property Name="DSN" />
              <Property Name="Address" />
              <Property Name="Port" />
              <Property Name="Database" />
              <Property Name="ReconcileIsWinAccount" DisplayName="Reconcile Is Windows Account" />
            </Optional>
          </Properties>
          <LinkedPasswords>
            <Link Name="ReconcileAccount" PropertyIndex="3" />
          </LinkedPasswords>
          <TicketingSystem EnterTicketingInfo="No" ValidateTicketNumber="No" />
          <PrivilegedSessionManagement />
          <ConnectionComponents>
            <ConnectionComponent Id="PSM-SQLServerMgmtStudio" />
          </ConnectionComponents>
        </Policy></Policies></Device>